950,2026-03-31,us-equities
974,2026-03-31,us-equities
986,2026-03-31,us-equities
989,2026-03-31,us-equities
998,2026-03-31,us-equities
1017,2026-03-31,us-equities
1033,2026-03-31,us-equities
1035,2026-03-31,us-equities
1036,2026-03-31,us-equities
1049,2026-03-31,us-equities
1057,2026-03-31,us-equities
1059,2026-03-31,us-equities
1062,2026-03-31,us-equities
1100,2026-03-31,us-equities
1103,2026-03-31,us-equities
1109,2026-03-31,us-equities
1122,2026-03-31,us-equities
1129,2026-03-31,us-equities
1136,2026-03-31,us-equities
1138,2026-03-31,us-equities
1140,2026-03-31,us-equities
1146,2026-03-31,us-equities
1156,2026-03-31,us-equities
1179,2026-03-31,us-equities
1189,2026-03-31,us-equities
1211,2026-03-31,us-equities
1219,2026-03-31,us-equities
1226,2026-03-31,us-equities
1227,2026-03-31,us-equities
1229,2026-03-31,us-equities
1230,2026-03-31,us-equities
1232,2026-03-31,us-equities
1233,2026-03-31,us-equities
1234,2026-03-31,us-equities
1236,2026-03-31,us-equities
1237,2026-03-31,us-equities
1238,2026-03-31,us-equities
1239,2026-03-31,us-equities
1240,2026-03-31,us-equities
1241,2026-03-31,us-equities
1242,2026-03-31,us-equities
1243,2026-03-31,us-equities
1244,2026-03-31,us-equities
1245,2026-03-31,us-equities
1249,2026-03-31,us-equities
1252,2026-03-31,us-equities
1253,2026-03-31,us-equities
1254,2026-03-31,us-equities
1255,2026-03-31,us-equities
1256,2026-03-31,us-equities
1258,2026-03-31,us-equities
1261,2026-03-31,us-equities
1265,2026-03-31,us-equities
1266,2026-03-31,us-equities
1269,2026-03-31,us-equities
1271,2026-03-31,us-equities
1273,2026-03-31,us-equities
1274,2026-03-31,us-equities
1276,2026-03-31,us-equities
1277,2026-03-31,us-equities
1278,2026-03-31,us-equities
1281,2026-03-31,us-equities
1282,2026-03-31,us-equities
1283,2026-03-31,us-equities
1284,2026-03-31,us-equities
1285,2026-03-31,us-equities
1291,2026-03-31,us-equities
1293,2026-03-31,us-equities
1295,2026-03-31,us-equities
1297,2026-03-31,us-equities
1299,2026-03-31,us-equities
1300,2026-03-31,us-equities
1301,2026-03-31,us-equities
1302,2026-03-31,us-equities
1305,2026-03-31,us-equities
1307,2026-03-31,us-equities
1309,2026-03-31,us-equities
1310,2026-03-31,us-equities
1313,2026-03-31,us-equities
1315,2026-03-31,us-equities
1316,2026-03-31,us-equities
1317,2026-03-31,us-equities
1321,2026-03-31,us-equities
1322,2026-03-31,us-equities
1326,2026-03-31,us-equities
1331,2026-03-31,us-equities
1334,2026-03-31,us-equities
1336,2026-03-31,us-equities
1341,2026-03-31,us-equities
1342,2026-03-31,us-equities
1343,2026-03-31,us-equities
1344,2026-03-31,us-equities
1345,2026-03-31,us-equities
1348,2026-03-31,us-equities
1349,2026-03-31,us-equities
1350,2026-03-31,us-equities
1353,2026-03-31,us-equities
1355,2026-03-31,us-equities
1356,2026-03-31,us-equities
1357,2026-03-31,us-equities
1358,2026-03-31,us-equities
1360,2026-03-31,us-equities
1369,2026-03-31,us-equities
1372,2026-03-31,us-equities
1375,2026-03-31,us-equities
1376,2026-03-31,us-equities
1377,2026-03-31,us-equities
1380,2026-03-31,us-equities
1382,2026-03-31,us-equities
1387,2026-03-31,us-equities
1389,2026-03-31,us-equities
1392,2026-03-31,us-equities
1394,2026-03-31,us-equities
1395,2026-03-31,us-equities
1396,2026-03-31,us-equities
1399,2026-03-31,us-equities
1400,2026-03-31,us-equities
1403,2026-03-31,us-equities
1405,2026-03-31,us-equities
1408,2026-03-31,us-equities
1411,2026-03-31,us-equities
1412,2026-03-31,us-equities
1414,2026-03-31,us-equities
1415,2026-03-31,us-equities
1416,2026-03-31,us-equities
1419,2026-03-31,us-equities
1420,2026-03-31,us-equities
1421,2026-03-31,us-equities
1422,2026-03-31,us-equities
1423,2026-03-31,us-equities
1424,2026-03-31,us-equities
1428,2026-03-31,us-equities
1429,2026-03-31,us-equities
1430,2026-03-31,us-equities
1434,2026-03-31,us-equities
1437,2026-03-31,us-equities
1438,2026-03-31,us-equities
1440,2026-03-31,us-equities
1442,2026-03-31,us-equities
1443,2026-03-31,us-equities
1444,2026-03-31,us-equities
1446,2026-03-31,us-equities
1447,2026-03-31,us-equities
1450,2026-03-31,us-equities
1451,2026-03-31,us-equities
1453,2026-03-31,us-equities
1464,2026-03-31,us-equities
1468,2026-03-31,us-equities
1469,2026-03-31,us-equities
1470,2026-03-31,us-equities
1471,2026-03-31,us-equities
1472,2026-03-31,us-equities
1477,2026-03-31,us-equities
1478,2026-03-31,us-equities
1480,2026-03-31,us-equities
1481,2026-03-31,us-equities
1483,2026-03-31,us-equities
1486,2026-03-31,us-equities
1487,2026-03-31,us-equities
1490,2026-03-31,us-equities
1492,2026-03-31,us-equities
1493,2026-03-31,us-equities
1495,2026-03-31,us-equities
1500,2026-03-31,us-equities
1501,2026-03-31,us-equities
1502,2026-03-31,us-equities
1505,2026-03-31,us-equities
1726,2026-03-31,us-equities
1727,2026-03-31,us-equities
2275,2026-03-31,us-equities
2276,2026-03-31,us-equities
2285,2026-03-31,us-equities
2289,2026-03-31,us-equities
2298,2026-03-31,us-equities
2299,2026-03-31,us-equities
2301,2026-03-31,us-equities
2302,2026-03-31,us-equities
2305,2026-03-31,us-equities
2306,2026-03-31,us-equities
2352,2026-03-31,us-equities
2420,2026-03-31,us-equities
2421,2026-03-31,us-equities
